#withmytamron,0,0.000000,4 
#secondworldwar,0,0.000000,8 
#landroverlove,0,0.000000,3 
#ww2,0,0.000000,5 
#worldwar2,1,0.066667,15 
#old,4,0.090909,44 
#peace,1,0.027778,36 
#milwaukee,3,0.157895,19 
#ambulance,1,0.010204,98 
#militaryvehicle,0,0.000000,3 
#greendiamond,0,0.000000,3 
#war,3,0.103448,29 
#1936,0,0.000000,2 
#train,1,0.015385,65 
#nikond7500,0,0.000000,5 
#militaryvehicles,0,0.000000,2 
#classiclandrover,0,0.000000,2 
#nikon,0,0.000000,31 
#historylover,0,0.000000,4 
#history,1,0.041667,24 
#vintagelandrover,0,0.000000,2 
#ilovehistory,0,0.000000,3 
#creepy,0,0.000000,36 
#worldhistory,1,0.142857,7 
#britisharmy,0,0.000000,33 
